{"Epoch": 1, "train_loss": 0.8370029926300049, "lr": 1.8953945141342156e-05, "_timestamp": 1650531620, "_runtime": 271, "_step": 20, "valid_acc": 0.5924256086564472, "valid_loss": 1.200052729674748}