{"Epoch": 10, "train_loss": 0.6572811603546143, "lr": 4.833574284490716e-11, "_timestamp": 1650606110, "_runtime": 1564, "_step": 209, "valid_acc": 0.6257889990982868, "valid_loss": 1.1239413550921848, "_wandb": {"runtime": 1568}}