{"Epoch": 5, "train_loss": 0.6276369690895081, "lr": 2.058804030125039e-10, "_timestamp": 1650604336, "_runtime": 941, "_step": 104, "valid_acc": 0.6465284039675383, "valid_loss": 1.0682904839515686, "_wandb": {"runtime": 947}}