{"Epoch": 6, "train_loss": 0.8455749154090881, "lr": 9.73631142797693e-11, "_timestamp": 1650618859, "_runtime": 932, "_step": 125, "valid_acc": 0.6149684400360685, "valid_loss": 1.1114907993687142, "_wandb": {"runtime": 928}}