{"Epoch": 6, "train_loss": 0.7902066707611084, "lr": 1.399785502564921e-10, "_timestamp": 1650612708, "_runtime": 805, "_step": 125, "valid_acc": 0.6266907123534716, "valid_loss": 1.1072357067040035, "_wandb": {"runtime": 813}}