{"Epoch": 3, "train_loss": 1.0461500883102417, "lr": 1.4529895658420685e-05, "_timestamp": 1650617826, "_runtime": 1074, "_step": 47, "valid_acc": 0.5933273219116321, "valid_loss": 1.244107677353372}